Filename,Source URL,Status
#150 Susa Ventures_ Building the next great Seed stage venture capital firm with Founder Leo Polovets_.txt,https://www.danielscrivner.com/150/,Found
#318_ B2B Marketing with Dave Gerhardt (An Exit Five Podcast) _ The Future of B2B Marketing with Kieran Flanagan.txt,https://www.bing.com/aclick?ld=e8rY8SOg6pr1GePaCK-xF1rzVUCUw7RGCi1ygsnT-STp8hTJ0-mbnSbAcT3Zt4Vb7CmXCdCJfnQnmPnxnLIWcpjMNImCVecKuRGvFfb1w_DWJevTeQG-TEPUbt8G_Fyd-W6O6jtHiMeRrGdsQRJM_cZW8KFD4Y3mSRy1XIXh0FkdGnIDi_KWTK5gotG7TX3ATnL3h4iw&u=aHR0cHMlM2ElMmYlMmZ3d3cuY2hhbm5lbDk5LmNvbSUyZiUzZnRlc3RGaW5hbFVybFN1ZmZpeCUzZHZhbHVlJTI2Yzk5X3MlM2RiYSUyNmM5OV9jJTNkNTE5Nzg0NjI3JTI2Yzk5X2slM2Q4MjMyNzYyNjU4ODA1MiUyNmM5OV9uJTNkb2M5OV9jJTNkNTE5Nzg0NjI3JTI2Yzk5X3MlM2RiYSUyNmM5OV9udyUzZG8lMjZtc2Nsa2lkJTNkMDM2MmU0NmZlMzUzMWY0Mzk5NWQ4ZGU2M2NjYjMxODMlMjZ1dG1fc291cmNlJTNkYmluZyUyNnV0bV9tZWRpdW0lM2RjcGMlMjZ1dG1fY2FtcGFpZ24lM2RRNCUyNTIwMjAyNSUyNTIwS2V5d29yZHMlMjZ1dG1fdGVybSUzZG1hcmtldGluZyUyNTIwbWl4JTI1MjBtb2RlbGluZyUyNTIwYjJiJTI2dXRtX2NvbnRlbnQlM2RORVclMjUyMEtleXdvcmRzJTI1MjBNWSUyNTIwMjAyNQ&rlid=0362e46fe3531f43995d8de63ccb3183,Found
#57 NfX_ A masterclass on network effects and investing in network effect businesses with Co-Founder and General Partner James Currier_.txt,https://www.danielscrivner.com/57/,Found
038_ Steph Smith ‚Äì Turn Your Newsletter Into a Seven-Figure Business _ Nathan Barry.txt,https://en.wikipedia.org/wiki/Dwayne_Johnson,Found
10 Ways Sales is Different in Vertical SaaS_ Lessons from Mangomint‚Äôs VP of Sales Marchelle Mooney _ SaaStr.txt,https://www.saastr.com/10-ways-sales-is-different-in-vertical-saas-lessons-from-mangomints-vp-of-sales/,Found
11 Insights from Building a SaaS Go-To-Market Strategy.txt,https://www.textmagic.com/blog/go-to-market-strategy-saas/,Found
11 Ways to Reduce Customer Churn in SaaS _ ProsperStack.txt,https://prosperstack.com/blog/reduce-saas-churn/,Found
"12 Things I Learned from Ben Horowitz about Management, Investing, and Business _ Andreessen Horowitz.txt",https://a16z.com/12-things-i-learned-from-ben-horowitz-about-management-investing-and-business/,Found
13 ‚ÄúFrom the Trenches‚Äù Lessons Learned from Bootstrapping Multiple SaaS Businesses ‚Äì Sujan Patel.txt,https://sujanpatel.com/business/saas-trenches/,Found
15 Essential SaaS Metrics Every Founder Must Track in 2026 (With Benchmarks).txt,https://www.averi.ai/blog/15-essential-saas-metrics-every-founder-must-track-in-2026-(with-benchmarks),Found
16 Ways to Measure Network Effects _ Andreessen Horowitz.txt,https://jarango.com/2018/12/30/how-to-measure-network-effects/,Found
2013 Pacific Crest SaaS Survey - For Entrepreneurs.txt,https://en.wikipedia.org/wiki/Pacific_Crest_Securities,Found
2025 B2B SaaS Funnel Benchmarks & Pipeline Audit Framework.txt,https://directiveconsulting.com/blog/b2b-roas-benchmarks-high-performing-campaigns-in-2025/,Found
2025g7aiadoptionfinaleng-1.pdf,https://g7.utoronto.ca/ict/2025g7aiadoptionfinaleng-1.pdf,Found
223. Crisis Coverage w_ Byron Deeter ‚Äì Why This is the Seminal Moment for Cloud and Lessons from 19 Unicorn Investments _ The Full Ratchet.txt,https://fullratchet.net/223-crisis-coverage-w-byron-deeter-why-this-is-the-seminal-moment-for-cloud-and-lessons-from-19-unicorn-investments/,Found
241. Finding Markets with Long-Term Tailwinds_ Macro Impacts on Venture_ and Robust vs. Fragile Data (Niki Pezeshki) _ The Full Ratchet.txt,https://fullratchet.net/241-finding-markets-with-long-term-tailwinds-macro-impacts-on-venture-and-robust-vs-fragile-data-niki-pezeshki/,Found
"304. IT and Enterprise Tech Investing, The Realities and Myths of PLG, and The Past and Future of NYC Tech (Jonathan Lehr) _ The Full Ratchet.txt",https://fullratchet.net/304-it-and-enterprise-tech-investing-the-realities-and-myths-of-plg-and-the-past-and-future-of-nyc-tech-jonathan-lehr/,Found
4 Proven Strategies for Sustainable ACV Growth.txt,https://www.hubifi.com/blog/acv-metrics-explained,Found
4 Traits of Fast-growing SaaS Companies - OpenView.txt,https://openviewpartners.com/blog/traits-of-fast-growing-saas-companies/,Found
5 Diagrams That Explain Product-led Growth + Bonus Worksheet.txt,https://amplitude.com/blog/product-led-growth-diagrams,Found
5 Strategies To Improve Your Average Contract Value In 2026 _ Blog.txt,https://www.mydock365.com/5-strategies-to-improve-your-average-contract-value,Found
5 steps to sell your SaaS business.txt,https://www.sellfbabusiness.com/sell-saas-company,Found
5 tips when scaling your hiring in a rapid-growth company - Workable.txt,https://resources.workable.com/tutorial/scaling-your-hiring-process-in-a-rapid-growth-company/,Found
50 SaaS Metrics You Should Track for Growth in 2025.txt,https://www.cobloom.com/blog/saas-metrics,Found
7 SaaS resiliency lessons for doing business in a volatile market _ TechCrunch.txt,https://techcrunch.com/2023/11/16/7-saas-resiliency-lessons-for-doing-business-in-a-volatile-market/,Found
A CEO‚Äôs tactical guide to driving profitable growth - Bessemer Venture Partners.txt,https://www.bvp.com/atlas/a-ceo-s-tactical-guide-to-driving-profitable-growth,Found
A CS Education That_s Free Until You Get a Job - Austen Allred of Lambda School _ Y Combinator.txt,https://www.ycombinator.com/blog/a-cs-education-thats-free-until-you-get-a-job-austen-allred-of-lambda-school/,Found
A First Principles Look at Small Business Lending - Fintech Takes.txt,https://fintechtakes.com/articles/2025-01-17/smb-lending-truths/,Found
A Founder_s Guide to Customer Success _ Tomasz Tunguz.txt,https://tomasztunguz.com/customer-success-guide/,Found
A Founder_s Guide to Go-to-Market Strategy _ Tomasz Tunguz.txt,https://tomtunguz.com/go-to-market-guide/,Found
A Founder_s Guide to SaaS Strategy & Growth _ Tomasz Tunguz.txt,https://tomtunguz.com/saas-strategy-guide/,Found
A New Vertical SaaS Playbook_  fintech-first _ SEEING BOTH SIDES_.txt,https://seeingbothsides.com/2023/08/14/a-new-vertical-saas-playbook-fintech-first/,Found
A Product Positioning Exercise  - April Dunford.txt,https://www.aprildunford.com/post/a-product-positioning-exercise,Found
"A Quick Guide To Starting A Newsletter And Getting Your First 1,000 Subscribers (In 3 Simple Steps).txt",https://www.ship30for30.com/post/a-quick-guide-to-starting-a-newsletter,Found
A SaaS Go-to-Market Strategy in 7 Steps _ B2B Focus by DevSquad.txt,https://devsquad.com/blog/go-to-market-strategy-saas,Found
A Strategy and Wardley Mapping Primer.txt,https://www.davesresearch.com/wardley-mapping/,Found
A guide for finding product-market fit in B2B.txt,https://www.linkedin.com/posts/rdunlop_a-guide-for-finding-product-market-fit-in-activity-7107439650293567489-p1rn,Found
ACV (Annual Contract Value)_ A Guide for SaaS Founders.txt,https://adlega.com/blog/acv-annual-contract-value-a-guide-for-saas-founders/,Found
AI Growth Course üìà - Brian Balfour.txt,https://blog.brianbalfour.com/p/ai-growth-course,Found
AI Startups Are Rethinking Pricing Early - Good Better Best.txt,https://newsletter.pricingsaas.com/p/the-new-startup-pricing-playbook,Found
"AI_s transformative effect on SMEs_ what to expect, how to prepare _ SMEunited.pdf",https://www.serveline.co.uk/blog/what-does-ai-mean-for-small-business-it-in-2026,Found
AI‚Äôs Promise for the Global Economy.pdf,https://www.4hoteliers.com/features/article/16821,Found
Accelerator Program Details ‚Äî TinySeed.txt,https://tinyseed.com/program,Found
Accenture Report_ European Firms Must Accelerate AI Adoption to Close Productivity Gap.pdf,https://newsroom.accenture.com/news/2025/accenture-report-european-firms-must-accelerate-ai-adoption-to-close-productivity-gap,Found
Acquisition Foundations _ Contrarian Thinking.txt,https://www.burgundyasset.com/views-insights/warren-buffett-contrarian-thinking-investing-in-action/,Found
Acquisition.com Workshop Review_ 15 Takeaways To Scale Your Business.txt,https://www.urbanfreedom.org/business-grow-your-business/category/Business+Practices,Found
Advanced SaaS metrics ‚Äì Accounting for upsell _ Oxx.txt,https://www.saastock.com/blog/advanced-saas-metrics-upsell/,Found
Ai adoption A comprehensive Analysis and Modelling of usage patterns.pdf,https://smartcontentreport.com/massive-ai-study-reveals-real-world-usage-patterns/,Found
Andrew Chen on network effects and competing for growth in a rocketing market _ Signals & Stories.txt,https://relminsurance.com/risk-wrap-027-openai-lawsuits-money-laundering-networks-defi-governance-risks-stablecoin-regulations-and-cannabis-reforms/,Found
Andrew Chen‚Äôs Growth Playbook_ Actionable Strategies for Startup Success - Capitaly.txt,https://www.b4i.unibocconi.it/curated-content/books/,Found
Ann Miura-Ko_s framework for building a startup _ TechCrunch.txt,https://techcrunch.com/2020/07/23/ann-miura-kos-framework-for-building-a-startup/,Found
Ardito 2024IR Artificial Intelligence Adoption.pdf,https://colab.ws/articles/10.1108/intr-02-2024-0195,Found
Are You Generating Value from AI_ The Widening Gap _ BCG.pdf,https://www.bcg.com/publications/2025/are-you-generating-value-from-ai-the-widening-gap,Found
Are the best SaaS businesses selling into unsexy sectors_ ‚Äì Mercia Ventures.txt,https://www.merciaventures.co.uk/are-the-best-saas-businesses-selling-into-unsexy-sectors/,Found
Austen Allred of Lambda School - Business Podcast for Startups.txt,https://mixergy.com/interviews/lambda-school-with-austen-allred/,Found
B2B SaaS Go To Market Strategy in the US [2025]  _ Efficient Capital Labs(1).txt,https://www.ecaplabs.com/blogs/b2b-saas-go-to-market-strategy,Found
B2B SaaS Go To Market Strategy in the US [2025]  _ Efficient Capital Labs(2).txt,https://www.ecaplabs.com/blogs/b2b-saas-go-to-market-strategy,Found
B2B SaaS Go To Market Strategy in the US [2025]  _ Efficient Capital Labs.txt,https://www.ecaplabs.com/blogs/b2b-saas-go-to-market-strategy,Found
B2B SaaS Go-to-Market Strategy Examples - Vehnta.txt,https://vehnta.com/b2b-saas-go-to-market-strategy-examples/,Found
B2B SaaS Growth_ Scale from 1 to 500 Customers [2025 Guide](1).txt,https://www.bing.com/aclick?ld=e8GUWRm4M8N3hAy1VmHMg01DVUCUyln4SqZbIqyDyMLDo7luUGcDgxbRhy9mqA040AFi3ENapssh3gL-PNaWVtBn5BLGIUrtJWEBzF_V59Njj1sWV9HKzKgyWvZN6WOpfI3yrF7Te8l0U9tALurAzaaQsyqbHEDi74eiZdJ8Y7KHB5s0wG8q-luznhY0aIpxxRCuo_YQ&u=aHR0cHMlM2ElMmYlMmZ3d3cubWFya2V0c3Rhci5jb20lMmZzb2x1dGlvbnMlMmZzYWxlcyUzZnVybCUzZGh0dHBzJTI1M0ElMjUyRiUyNTJGd3d3Lm1hcmtldHN0YXIuY29tJTI1MkZzb2x1dGlvbnMlMjUyRnNhbGVzJTI2aWQlM2Q1JTI2dXRtX3NvdXJjZSUzZGJpbmclMjZ1dG1fbWVkaXVtJTNkQ1BDJTI2dXRtX2NhbXBhaWduJTNkU2VhcmNoX19PdXRzb3VyY2VkX1NhbGVzXzI1U2VwdDI1X1VTQSUyNm1zY2xraWQlM2RjZDlmNjg4NzA5NmIxNjE2NGFjMDAxMGVlOWRlOTBmOA&rlid=cd9f6887096b16164ac0010ee9de90f8,Found
B2B SaaS Growth_ Scale from 1 to 500 Customers [2025 Guide](2).txt,https://guptadeepak.com/the-founders-survival-guide-to-b2b-saas-growth/,Found
B2B SaaS Growth_ Scale from 1 to 500 Customers [2025 Guide].txt,https://guptadeepak.com/the-founders-survival-guide-to-b2b-saas-growth/,Found
B2B SaaS Marketing Metrics_ KPIs You Must Track - Aimers Blog.txt,https://www.kalungi.com/blog/10-marketing-kpis-every-b2b-saas-company-should-track,Found
Ben Mosior on Wardley Maps ‚Äì The Informed Life.txt,https://theinformed.life/2021/03/14/episode-57-ben-mosior/,Found
Between ambition and adoption_ Europe‚Äôs SMEs vary in digital readiness.pdf,https://developersalliance.org/data-and-artificial-intelligence-on-todays-proposals-of-the-european-commission/,Found
Bill-A-Bear (Audio) - Not Boring by Packy McCormick.txt,https://www.notboring.co/p/bill-a-bear-audio,Found
"Blake Bartlett, partner at OpenView, on the future of product-led growth _ Sacra.txt",https://sacra.com/research/blake-bartlett-openview-future-product-led-growth/,Found
Boosting SME Competitiveness Through Digital and AI Adoption.pdf,https://icsb.org/ayman-tarabishy/boosting-sme-competitiveness-through-digital-and-ai-adoption/,Found
"Boosting the use of artificial intelligence in EU micro, small and medium-sized Enterprises.pdf",https://www.eesc.europa.eu/sites/default/files/files/qe-02-21-953-en-n.pdf,Found
Bootstrapped SaaS_ Strategy To Start & Scale _ DevsData.txt,https://devsdata.com/bootstrapped-saas-strategy-to-start-and-scale/,Found
Bootstrapping SMB-centric GTM_ Insights from our SaaS portfolio.txt,https://sbannual25.sched.com/,Found
Bootstrapping a SaaS_ The Strategies Every Founder Can Learn.txt,https://www.trustshoring.com/blog/bootstrapping-a-saas-the-strategies-every-founder-can-learn/,Found
"Bootstrapping, managing product-led growth and knowing when to fundraise _ TechCrunch.txt",https://techcrunch.com/2021/04/08/bootstrapping-managing-product-led-growth-and-knowing-when-to-fundraise/,Found
Breakdown_ Customer Acquisition Cost _ SME South Africa.txt,https://smesouthafrica.co.za/breakdown-customer-acquisition-cost/,Found
Brent Beshore & Permanent Equity Operating Manual ¬∑ Colin Keeley.txt,https://www.colinkeeley.com/blog/brent-beshore-permanent-equity,Found
Bridging Succession & Innovation_ A New Path for SMEs.txt,https://www.linkedin.com/pulse/bridging-succession-innovation-new-path-smes-videesha-boeckle-q9dee,Found
Building Web Apps with Just English and AI (with Vercel CEO Guillermo Rauch)_ The Complete History and Strategy.txt,https://en.wikipedia.org/wiki/Vercel,Found
"Building a Second Brain_ How to Unlock Creativity, Productivity, and Flow With Tiago Forte - Orion_s Method.txt",https://www.amazon.com/Building-Second-Brain-Organize-Potential/dp/1982167386,Found
Building the Middle Class of the Creator Economy.txt,https://en.wikipedia.org/wiki/Economy_of_the_United_States,Found
Building the initial team for seed stage startups at andrewchen.txt,https://andrewchen.com/building-the-initial-team-for-seed-stage-startups/,Found
"Byron Deeter, Partner @ Bessemer Venture Partners_ 10 Laws of Building a Unicorn (Video + Transcript) _ SaaStr.txt",https://www.saastr.com/byron-deeter-partner-bessemer-venture-partners-10-laws-of-building-a-unicorn-video-transcript/,Found
CAC SaaS_ A guide for businesses _ Stripe.txt,https://stripe.com/ae/resources/more/cac-in-saas,Found
Calculating Customer Acquisition Cost in SaaS_ Best Practices for Financial Health.txt,https://www.bing.com/aclick?ld=e89RHGhsV4Q5LGa96TrwZeqDVUCUxbRO2-yPF-7ROTL7BfJ-omn9SBxkpl9FNTw0mwdwsPP1MGb14-cZDcDb4Et2wOWASUqi9FTaIw01vMtHQuj1J0rLaCfdx1xcfqrhvo11b2OE03Cdo2QogzvalXevwSGoLc5j8hXHw5u1inDAFuDb1gFzfXD54XEz3gqgfs5xwS8Q&u=aHR0cHMlM2ElMmYlMmZwaXRjaGJvb2suY29tJTJmcGxhdGZvcm0tZGF0YSUyZm1lcmdlcnMtYW5kLWFjcXVpc2l0aW9ucyUzZnV0bV9zb3VyY2UlM2RiaW5nJTI2dXRtX21lZGl1bSUzZGNwYyUyNnV0bV9jYW1wYWlnbiUzZFJPQVNULVNlYXJjaC1NQS1FdXJvcGVBbGwlMjZhZGdyb3VwJTNkJTI2dXRtX3Rlcm0lM2RhY3F1aXNpdGlvbnMlMjZtYXRjaHR5cGUlM2RwJTI2Y3JlYXRpdmUlM2QlMjZkZXZpY2UlM2RjJTI2dXRtX2NvbnRlbnQlM2QlMjZrd2RhdWQlM2Rrd2QtNzIwODc1NDEzNDYwMjElM2Fsb2MtMTI5JTI2X2J0JTNkNzIwODY5OTU5NzIzOTMlMjZzZmlkJTNkLWRjX3BjcmlkXzcyMDg2OTk1OTcyMzkzX3Brd19hY3F1aXNpdGlvbnNfcG10X2JwX3NsaWRfX3Byb2R1Y3RpZF9fcGdyaWRfMTE1MzM4OTQzNDg5MjA0N19wdGFpZF9rd2QtNzIwODc1NDEzNDYwMjElM2Fsb2MtMTI5JTI2bXNjbGtpZCUzZDMyYzAwZjRlOTg5ZjEyOGJhMDExNjZjNzc5OTA3ODU5&rlid=32c00f4e989f128ba01166c779907859,Found
Changing ACVs_ The Hidden Control Lever of SaaS Company Value - SaaS Capital.txt,https://www.saas-capital.com/blog-posts/changing-acvs-the-hidden-control-lever-of-saas-company-value/,Found
Charlie Munger On How To Build A $2 Trillion Startup_.txt,http://danshipper.com/charlie-munger-on-how-to-build-a-2-trillion-startup,Found
Close.io CEO Steli Efti Reveals the 80_20 Principle for Building a 7-figure SaaS Business.txt,https://www.levelingup.com/growth-everywhere-interview/steli-efti-seven-figure-saas-business/,Found
Close.io CEO Steli Efti_ Rights And Wrongs Of Lead Qualification.txt,https://www.intercom.com/blog/podcasts/close-io-steli-efti-lead-qualification/,Found
Codie Sanchez _ The 9 Steps to Buying a Business - The Liberty Company.txt,https://en.wikipedia.org/wiki/Republic_Pictures,Found
Compensation stories_ Buffer‚Äôs radically transparent salary system.txt,https://www.fastcompany.com/3024306/why-this-startup-made-their-salaries-radically-transparent,Found
Consumerizing Enterprise == Loop Sequencing.txt,https://eavoices.com/2025/10/09/mapping-the-future-of-ai-agents-in-the-enterprise/,Found
Conversion Optimization_ Complete Guide to CRO for 2023 - CXL.txt,https://cxl.com/conversion-optimization/,Found
Core Metrics for SaaS Dashboards - Phoenix Strategy Group.txt,https://agency.uxplanet.org/phoenix/,Found
Craft Ventures.txt,https://en.wikipedia.org/wiki/Craft_Ventures,Found
Create Your Winning Sales Strategy in 8 Steps [+ Examples](1).txt,https://www.intercom.com/blog/sales-strategy/,Found
Create Your Winning Sales Strategy in 8 Steps [+ Examples].txt,https://www.intercom.com/blog/sales-strategy/,Found
Creating Habit-Forming Products with the Hooked Model.txt,https://www.lizard.global/blog/creating-habit-forming-products-hooked-model-nir-eyal,Found
Customer Acquisition Costs (CAC) - A Key SaaS Metric - The SaaS CFO.txt,https://www.thesaascfo.com/how-to-calculate-customer-acquisition-costs/,Found
Customer Research_ A Guide To The Ultimate Startup Cheat Code - Baremetrics.txt,https://baremetrics.com/blog/customer-research,Found
Customer Research_ The Most Underappreciated Strategy In Your Toolkit.txt,https://thegood.com/insights/customer-research/,Found
Customer Success Isn‚Äôt an Add-On. Start Early to Win Later. - Scale Venture Partners.txt,https://www.scalevp.com/insights/customer-success-isnt-an-add-on-start-early-to-win-later/,Found
Dear SaaStr_  How Do We Reduce Churn_ _ SaaStr.txt,https://www.saastr.com/dear-saastr-how-do-we-reduce-churn/,Found
Defining Growth And Success At A PLG Company.txt,https://openviewpartners.com/blog/product-growth-marketing/,Found
"Des Traynor talks startup strategy, product fundamentals and Enterprise SaaS on 20VC - The Intercom Blog.txt",https://www.intercom.com/blog/videos/des-traynor-20vc/,Found
Dickie Bush ‚Äî Harness the Power of Digital Writing ‚Äì The Bootstrapped Founder.txt,https://thebootstrappedfounder.com/dickie-bush-the-power-of-digital-writing/,Found
Digitalisation in Europe ‚Äì 2025 edition - Interactive publications - Eurostat.pdf,https://ec.europa.eu/eurostat/web/interactive-publications/digitalisation-2025,Found
Do Things that Don_t Scale.txt,https://paulgraham.com/ds.html,Found
Doubling SaaS Revenue By Changing The Pricing Model_      _         _ _        Kalzumeus Software_      _   _.txt,http://www.extendslogic.com/business/what-i-learned-from-increasing-my-prices/,Found
EUROSTAT - Use of artificial intelligence in enterprises DEC 2025.pdf,https://ec.europa.eu/eurostat/statistics-explained/index.php?oldid=568530,Found
Empowering SMEs through Payroll Innovation.txt,https://www.linkedin.com/pulse/empowering-smes-through-payroll-innovation-videesha-boeckle-g89se,Found
Entering StartUpLand - A Conversation with Jeff Bussgang ‚Äî Jeff Bussgang.txt,https://experimentationmachine.com/p/entering-startupland-a-conversation-with-jeff-bussgang,Found
Enterprise SaaS Pricing_ How to 10x Your SaaS Prices.txt,https://www.paddle.com/blog/10x-saas-pricing,Found
"Ep 61_ Austen Allred (Co-Founder, Lambda School) - Building a FREE Coding School using ISAs - So This Is My Why.txt",https://www.sothisismywhy.com/austen-allred-lambda-school-coding-developer-y-combinator-isa/,Found
Episode 208 _ How To Productize Your Service with Brian Casel.txt,https://www.startupsfortherestofus.com/episodes/episode-208-how-to-productize-your-service-with-brian-casel,Found
Episode 47_ Marketplace Trends - Fabrice Grinda.txt,https://fabricegrinda.com/episode-47-marketplace-trends/,Found
Essential B2B SaaS Benchmarks Every Customer Success Manager Should Track.txt,https://www.velaris.io/articles/b2b-saas-benchmarks-key-metrics,Found
Europe Must Build_ A Strategic Reset - by Nicolas Colin.txt,https://www.driftsignal.com/p/the-great-reset-from-startups-to,Found
"Europe Seeking Greater AI Sovereignty, Accenture Report Finds.pdf",https://newsroom.accenture.com/news/2025/europe-seeking-greater-ai-sovereignty-accenture-report-finds,Found
Europe to US_ The Expansion Playbook Every Founder Needs.txt,https://www.thevccorner.com/p/europe-to-us-startup-expansion-playbook,Found
European Digital Innovation Hubs Lead SMEs into the Era of AI _ Haaga-Helia.pdf,https://esignals.fi/research/en/2021/02/15/leading-and-managing-areas-of-innovation-the-multi-stakeholder-and-startup-perspectives/,Found
European SMEs Accelerate AI Adoption Amid Economic Uncertainty - But Workforce Readiness Lags Behind.pdf,https://www.sharp.eu/news-and-events/news/european-smes-accelerate-ai-adoption-amid-economic-uncertainty-but-workforce,Found
European SMEs Risk Falling Behind As AI Adoption Outpaces Basic Digital Infrastructure.pdf,https://www.karveinternational.com/insights/ai-revolution,Found
European approach to artificial intelligence _ Shaping Europe‚Äôs digital future.pdf,https://digital-strategy.ec.europa.eu/en/policies/european-approach-artificial-intelligence,Found
Europe‚Äôs Most Ambitious Startups Aren‚Äôt... _ by Martin Mignot _ Index Ventures.txt,https://www.indexventures.com:443/perspectives/europes-most-ambitious-startups-arent-becoming-global-theyre-starting-that-way/,Found
Evaluating Market Entry Approaches _ OpenView Labs.txt,https://openviewpartners.com/blog/market-entry-approach/,Found
"Everything to know about product-led growth, the new paradigm in software selling _ Insight Partners.txt",https://www.insightpartners.com/ideas/product-led-growth-the-new-paradigm-in-software-selling/,Found
Evolving Skillsets_ The Modern and Future CFO_s Playbook _ Maxio.txt,https://www.maxio.com/podcast/31-evolving-skillsets-the-modern-and-future-cfos-playbook,Found
Example reports to start measuring your SaaS metrics _ Kyle Doherty.txt,https://www.forentrepreneurs.com/saas-metrics-2/,Found
FJ Labs‚Äô B2B Marketplace Thesis - Fabrice Grinda.txt,https://fabricegrinda.com/fj-labs-b2b-marketplace-thesis/,Found
Finding a Market to Build a SaaS ‚Äì The Bootstrapped Founder.txt,https://medium.com/the-bootstrapped-founder/finding-a-market-to-build-a-saas-6d2ccafa4059,Found
Five Tips for Selling to SMBs.txt,https://about.crunchbase.com/blog/five-tips-for-selling-to-smb,Found
"Fixing churn in SMB SaaS ‚Äì lessons from Brian Halligan, co-founder of HubSpot.txt",https://en.wikipedia.org/wiki/Brian_Halligan,Found
Four Ways Sales Teams are Increasing Annual Contract Value (ACV) _ The RevOps Blog.txt,https://www.revops.io/blog/four-ways-sales-teams-are-increasing-annual-contract-value-acv,Found
From Product-Market Fit to Business Model - Market Fit _ Oxx.txt,https://www.linkedin.com/pulse/from-product-market-fit-business-model-mikael-johnsson,Found
GTM ACTION - Growth Blogs.txt,https://www.gtmaction.com/gtmposts/growth-where-are-you-at,Found
Generative AI & Its Impact on European SMEs.pdf,https://digital4business.eu/the-disruption-of-generative-ai/,Found
Generative AI For Small Business Part 1_ How AI is Transforming Small Businesses.pdf,https://blog.iil.com/how-ai-is-transforming-small-businesses/,Found
"Get sharper about product, growth, strategy, and startups.txt",https://foundersnetwork.com/function/startup-lessons-and-growth-strategies-essential-insights-for-founders/,Found
Go-To-Market Fit_ SaaS KPIs & Metrics _ Oxx.txt,https://en.wikipedia.org/wiki/Performance_indicator,Found
Go-To-Market Strategy_ A Guide for B2B SaaS Companies _ A88Lab_.txt,https://www.a88lab.com/gtm-strategy-for-b2b-saas-companies,Found
Going Big with Your Go To Market Strategy _ OpenView Labs.txt,https://openviewpartners.com/blog/going-big-with-go-to-market-strategy/,Found
"Good Product Managers, Great Product Managers ‚Äì Shreyas Doshi.txt",https://www.bing.com/aclick?ld=e8bV2B-m_qRAmP5GlowTCIgzVUCUxoQfitHEvK3DlNVA8bzf7OQooJbjdLFW4_glK2ik0dljY1e24I9vqdc6k3wzkL1OjRuNx_DW6iIPgZkIqE6st0vGxLGKwfp9SaA4nH-VjOHK7TVlNvsKf07M2NmwwnJVEDF6x4tBMSAMbkseLgQaGeSczlCo82S0vBKXGE_rPxPg&u=aHR0cHMlM2ElMmYlMmZvbmxpbmUuZW0ua2VsbG9nZy5ub3J0aHdlc3Rlcm4uZWR1JTJmYWktZHJpdmVuLXByb2R1Y3Qtc3RyYXRlZ3klM2Z1dG1fc291cmNlJTNkYmluZyUyNnV0bV9tZWRpdW0lM2RjJTI2dXRtX3Rlcm0lM2Rwcm9kdWN0JTI1MjBtYW5hZ2VyJTI1MjBjZXJ0aWZpY2F0aW9ucyUyNnV0bV9sb2NhdGlvbiUzZDE1MjEwNCUyNnV0bV9jYW1wYWlnbiUzZEItMzY1RF9VU19CR19TRV9LTEctUFNBSV9Qcm9kdWN0LURldi1NYW4lMjZ1dG1fY29udGVudCUzZFByb2R1Y3QtTWFuYWdlbWVudF9NVlAlMjZtc2Nsa2lkJTNkNDY4MWFlOTk3MGY1MTY3Y2NjOTJjNzEwOTEwYTAzZjU&rlid=4681ae9970f5167ccc92c710910a03f5,Found
Growing and Scaling SaaS Businesses from $1M to $500M in ARR with Intercom (Video + Transcript) _ SaaStr.txt,https://www.saastr.com/growing-and-scaling-from-1m-to-500m/,Found
Growth Loops _ the path to exponential Growth _ üìà.txt,https://thegrowthmind.substack.com/p/growth-loops,Found
Growth Loops_ How The World‚Äôs Best Brands Build Growth.txt,https://nogood.io/blog/growth-loops/,Found
Growth Playbook_ Going From SMB to Mid-Market.txt,https://www.nextiva.com/blog/smb-to-mid-market-growth.html,Found
Guide to Usage-Based Pricing Models _ Oxx.txt,https://en.wikipedia.org/wiki/Curtiss_JN_Jenny,Found
Gusto CEO Josh Reeves on Values-Driven Leadership and Revolutionizing SMB Payroll - Mark MacLeod.txt,https://markmacleod.me/gusto-ceo-josh-reeves-on-values-driven-leadership-and-revolutionizing-smb-payroll/,Found
"Helping Entrepreneurs _Triple, Triple, Double, Double, Double_ to a Billion-Dollar Company - Battery Ventures.txt",https://www.battery.com/blog/helping-entrepreneurs-triple-triple-double-double-double-to-a-billion-dollar-company/,Found
High Growth Handbook Book Summary.txt,https://www.briansnotes.io/book/high-growth-handbook/,Found
How Pricing Affects Churn Rates - growth-onomics.txt,https://growth-onomics.com/how-pricing-affects-churn-rates/,Found
How SMEs can benefit from the data-driven cognitive economy _ World Economic Forum.pdf,https://en.wikipedia.org/wiki/World_Economic_Forum,Found
How Solopreneurs Can Use Naval Ravikant‚Äôs Four Types of Leverage to Build Wealth.txt,https://en.wikipedia.org/wiki/Naval_Ravikant,Found
How This Non-Technical Founder Launched Two Successful SaaS Startups ‚Äì with Hiten Shah [031] _ SaaS Club.txt,https://saasclub.io/podcast/hiten-shah-kissmetrics-crazyegg/,Found
How VCs Decide to Take a First Meeting - 12 Reasons.txt,https://www.nfx.com/post/how-vcs-decide-to-take-a-first-meeting-12-reasons,Found
How a $725M VC Judges Your Engineering Team w_ Redpoint Ventures_ Jason Warner _ Dev Interrupted Powered by LinearB.txt,https://linearb.io/dev-interrupted/podcast/how-a-725m-vc-judges-your-engineering-team,Found
How can new players grow quickly in a crowded SaaS market_¬†_ Sifted.txt,https://sifted.eu/articles/6-sales-tips-for-saas-startups,Found
How new SaaS companies should be using content marketing _ BetaKit.txt,https://betakit.com/how-new-saas-companies-should-be-using-content-marketing/,Found
How to Apply Lessons from Mark Suster‚Äôs Blog to Your Startup SEO - Capitaly.txt,https://www.capitaly.vc/blog/how-to-apply-lessons-from-mark-susters-blog-to-your-startup-seo,Found
How to Benchmark Product-led Growth with OpenView Partners Blake Bartlett and Kyle Poyar.txt,https://amplitude.com/blog/benchmark-product-led-growth,Found
How to Build a $50M Business Without Venture Capital - Mark MacLeod.txt,https://markmacleod.me/how-to-build-a-50m-business-without-venture-capital/,Found
"How to Conduct CRM Data Analysis, Part 1 _ OpenView Labs.txt",https://en.wikipedia.org/wiki/Customer_relationship_management,Found
How to Convince Investors to Fund You With Data_  Christoph Janz of Point9 Capital _ SaaStr.txt,https://www.saastr.com/how-to-convince-investors-to-fund-you-with-data-chrisoph-janz-of-point9-capital/,Found
How to Create a Conversion Rate Optimization (CRO) Process.txt,https://blog.hubspot.com/marketing/conversion-rate-optimization-guide,Found
How to Create a GTM Strategy for SMBs _ AiSDR.txt,https://aisdr.com/blog/smb-gtm-strategy/,Found
How to Get Rich.txt,https://en.wikipedia.org/wiki/How_to_Get_Rich_(book),Found
How to Get Startup Ideas.txt,https://www.udemy.com/course/8startupideas/,Found
How to Improve Client Retention_ The SMB Owner_s Guide - OneNine.txt,https://blog.pavago.co/pavago-vs-hirewithnear/,Found
How to Optimize Your Customer Onboarding for Better Retention.txt,https://www.bing.com/aclick?ld=e8f7YNxCnv0tg0UYD1QHKS6jVUCUyAyH79xOVdUEwqfFfXjtaAWr1PGM5hgtTIcB798HHLe-bqRSXEaEzK-LWFI1F6Wq1ExwzVJIIiOiEa8GHTviPq2XHIP8MYmn3kDRPfeGX2Uv2jAayQY9w246IxhRYuQwL9rJB999JOQQgG84BcEIXsmDZME3xd-ahLO1v8iwp_GA&u=aHR0cHMlM2ElMmYlMmZ3d3cubWFya2V0c3Rhci5jb20lMmZjdXN0b21lci1zdWNjZXNzLXNvbHV0aW9ucy1scC12LWIlM2Z1cmwlM2RodHRwcyUyNTNBJTI1MkYlMjUyRnd3dy5tYXJrZXRzdGFyLmNvbSUyNTJGY3VzdG9tZXItc3VjY2Vzcy1zb2x1dGlvbnMtbHAtdi1iJTI2aWQlM2Q1JTI2dXRtX3NvdXJjZSUzZGJpbmclMjZ1dG1fbWVkaXVtJTNkU2VhcmNoJTI2dXRtX2NhbXBhaWduJTNkU2VhcmNoX0NodXJuX1JlZHVjdGlvbl9BdWcxMC1VU0ElMjZtc2Nsa2lkJTNkN2JmNDhjOGY1YmUxMTdkZGY4MzJlNTA2Yjk2NzcxMWU&rlid=7bf48c8f5be117ddf832e506b967711e,Found
How to Scale Your Early GTM from a Few AEs to a Repeatable Machine  _ Bain Capital Ventures.txt,https://www.bing.com/aclick?ld=e8kWCyOj5hTL8XyA7rNJvt0DVUCUz5k448pk9goyuvbMyjOr7mGSmvDibUiTSzP6-0fUoEGJFdR9gWuMKfqUiCgG8_TSQilgVN27LwgK7nYI43WpBhol8l9Iem84U-QORpDZZ0ZgXuucHHVd9b-rXNNAXcwVIDjT_lb3ec8MQ-ep2krhMn-38ikyHZ3rKHVg1t-cFpMw&u=aHR0cHMlM2ElMmYlMmZzdGFwZS5pbyUyZmd0bS1zZXJ2ZXItaG9zdGluZyUzZnB0JTNkdGVkbWZtd3glMjZycyUzZDQ4NzMwNDk0MyUyNnV0bV9zb3VyY2UlM2RiaW5nJTI2dXRtX21lZGl1bSUzZGNwYyUyNnV0bV9jYW1wYWlnbiUzZDQ4NzMwNDk0MyUyNnV0bV9jb250ZW50JTNkMTIzNTg1MjM4Mzg1MTI3NCUyNnV0bV90ZXJtJTNkZ3RtJTI1MjBpbnRpbGFzdGlvbiUyNm1zY2xraWQlM2RkMTU0ODIyNDk2YjMxNmVjNWNlMWViYWQ3NDM5ZGI2Zg&rlid=d154822496b316ec5ce1ebad7439db6f,Found
How to Size the Market for Vertical AI _ Felicis.txt,https://www.felicis.com/insight/market-size-vertical-ai,Found
How to Start a Newsletter for Free_ The Ultimate Guide.txt,https://www.ship30for30.com/post/the-ultimate-guide-to-starting-a-newsletter,Found
How to Transform a $300M SaaS Company using Sales-Led to Product-Led.txt,https://www.saastr.com/ai-and-the-bottom-line-with-canvas-cco-how-they-built-a-7b-enterprise-motion-on-16-billion-ai-interactions/,Found
How to Upsell SaaS Product [Step-by-Step Guide](1).txt,https://www.proposify.com/blog/saas-upselling-with-customer-success,Found
How to Upsell SaaS Product [Step-by-Step Guide].txt,https://payproglobal.com/how-to/upsell-saas-product/,Found
How to Write a SaaS Homepage that Actually Converts - OpenView.txt,https://openviewpartners.com/blog/how-to-write-a-saas-homepage-that-actually-converts/,Found
How to build a massive SaaS business selling to SMEs - SaaStock.txt,https://www.saastock.com/blog/how-to-build-massive-saas-business-selling-to-smes/,Found
"How to build and scale winning marketplaces _ Casey Winters (Eventbrite, Pinterest, Grubhub).txt",https://review.firstround.com/podcast/building-winning-marketplaces-casey-winters/,Found
How to know if you_ve got product-market fit.txt,https://www.lennysnewsletter.com/p/how-to-know-if-youve-got-productmarket,Found
How to set a good price for your web product_ - Across the Board.txt,https://blog.paylane.com/price-for-your-web-product/,Found
How to value my SaaS business.txt,https://www.feinternational.com/blog/saas-metrics-value-saas-business,Found
How would Ann Miura-Ko have reacted if Bill Gates had walked into her office in 1975_ ‚Äì 25iq.txt,https://25iq.com/2017/06/18/how-would-ann-miura-ko-have-reacted-if-bill-gates-had-walked-into-her-office-in-1975/,Found
HubSpot_ An Underdog Helps Invent Modern Marketing‚Äîand Then Takes on Goliath _ Sequoia Capital.txt,https://share.snipd.com/episode/a86a087c-fe85-4ca5-b479-64c9881670fd,Found
HubSpot‚Äôs Journey to The First $2 Billion in ARR_ How Co-Founders Dharmesh Shah and Brian Halligan Scaled an SMB SaaS Giant _ SaaStr.txt,https://en.wikipedia.org/wiki/Brian_Halligan,Found
I just landed my dream CRO position. I‚Äôll probably be out of a job in two years. _ Notion.txt,https://www.notion.vc/resources/i-just-landed-my-dream-cro-position-ill-probably-be-out-of-a-job-in-two-years,Found
If Nothing Else ‚Äì Segment Churn _ SaaStr.txt,https://www.saastr.com/nothing-else-segment-churn/,Found
Imagine If with Josh Kopelman - by Annie Duke.txt,https://www.annieduke.com/imagine-if-with-josh-kopelman/,Found
Improving Your Conversion Rate and Your Mental Health ‚Äì Nick Disabato - The Good.txt,https://thegood.com/insights/nick-disabato/,Found
Inherent Churn vs. Fixable Churn_  You Have to Attack Both _ SaaStr.txt,https://www.saastr.com/inherent-churn-vs-fixable-churn/,Found
Inside Top SMB Startups.txt,https://www.smbtech50.com/the-list,Found
Insights on building next-wave GenAI companies from Europe‚Äôs leading agentic startup founders - Dawn Capital.txt,https://medium.com/@dawncapitalteam/insights-on-building-next-wave-genai-companies-from-europes-leading-agentic-startup-founders-eead5953719f,Found
Intercom co-founder Des Traynor on starting up - The Intercom Blog.txt,https://www.intercom.com/blog/podcasts/intercom-co-founder-des-traynor-on-starting-up/,Found
"Interview with Basecamp‚Äôs Co-Founder, Jason Fried.txt",https://blog.salesflare.com/interview-jason-fried-basecamp?rapidload_preview,Found
"Introducing _Off Script_, a new series from Intercom - The Intercom Blog.txt",https://www.intercom.com/blog/videos/offscript-ep01-des-traynor-on-the-ai-revolution/,Found
Intuit CEO Sasan Goodarzi‚Äôs Grown-Up CEO Playbook _ Sequoia Capital.txt,https://www.sequoiacap.com/podcast/intuit-ceo-sasan-goodarzis-grown-up-ceo-playbook/,Found
Investing in B2B Marketplaces_ Charles Hudson‚Ä¶ _ Bowery Capital.txt,https://bowerycap.com/blog/insights/investing-in-b2b-marketplaces-charles-hudson-precursor-ventures,Found
Investing in B2B Marketplaces_ James Currier (NFX‚Ä¶ _ Bowery Capital.txt,https://bowerycap.com/blog/insights/investing-in-b2b-marketplaces-james-currier-nfx-guild,Found
Is Your SaaS Company Ready to Scale_ Here‚Äôs How to Find Out.txt,https://www.kalungi.com/blog/b2b-saas-scalable-growth,Found
Jason Cohen ‚Äî Two Exits & Two Unicorns ‚Äì The Bootstrapped Founder.txt,https://thebootstrappedfounder.com/jason-cohen-two-exits-two-unicorns/,Found
Jason Fried on Using JTBD at Basecamp _ Jobs-to-be-Done.txt,https://jobstobedone.org/radio/jason-fried-on-using-jtbd-at-basecamp/,Found
"Jason Green (Emergence Capital)_ Why Sh_t Really Gets Funded, pt 1 (video + transcript) _ SaaStr.txt",https://www.saastr.com/jason-green-emergence-capital-why-sht-really-gets-funded/,Found
KISSmetrics_ Founder Hiten Shah On How He Built 3 Successful Companies With The Same Partner - Leveling Up.txt,https://www.levelingup.com/growth-everywhere-interview/hiten-shah/,Found
"Kevin, Author at kwokchain.txt",https://kwokchain.com/2018/05/01/the-future-is-forked/,Found
Lessons from Bill Gurley.txt,https://www.bookmarked.club/people/bill-gurley,Found
Lessons from Eugene Wei.txt,https://www.antoinebuteau.com/lessons-from-eugene-wei/,Found
Levels of PMF _ First Round.txt,https://www.firstround.com/levels,Found
Leveraging StoryVesting to Find Product-Market Fit - RocketSource _ Driving Strategic Action with Expert Insights.txt,https://www.rocketsource.com/blog/product-market-fit/,Found
Li Jin_ Creating the Creator Economy - David Perell.txt,https://perell.com/podcast/li-jin-creating-the-creator-economy/,Found
LinkedIn_s Series B Pitch to Greylock_ Pitch Advice for Entrepreneurs.txt,https://www.reidhoffman.org/linkedin-pitch-to-greylock/,Found
MRR & ARR Growth_ A SaaS Founder_s Guide to Revenue Metrics.txt,https://www.kalungi.com/blog/saas-arr-mrr-growth,Found
Making Europe an AI continent.pdf,https://www.digitaleurope.org/news/europe-can-be-the-ai-continent-if-we-act-now/,Found
Mapping 101_ A Beginner_s Guide - Strategic Guide _ Wardley Maps.txt,https://www.wardleymaps.com/guides/wardley-mapping-101,Found
Mastering Customer Retention Metrics for Sustainable SaaS Growth.txt,https://www.chameleon.io/blog/customer-retention-metrics-saas-growth,Found
Measuring and benchmarking the four vital signs of SaaS _ TechCrunch.txt,https://www.bing.com/aclick?ld=e8IwdOI4O1kfgz5MUvS_n7zjVUCUzXnOzwXiJubCSSxMCARd9Rxbm6JXzMHStdj29rruljaks-jt0USIppwqtwwqgywxE0XYCd5KdjXLA6q0lKfmPVdnVpf-sVcKkfMWM7lNYkOLeR6lYy-iwmFOn21MLezoOeMesVs04SjwJjOV2Xm3RZrjEAttElFVqL1LDrJbgZGQ&u=aHR0cHMlM2ElMmYlMmZ3d3cuc2FsYXJ5LmNvbSUyZmJ1c2luZXNzJTJmY29tcGVuc2F0aW9uLWRhdGElMmYlM2Z1dG0lM2RzZW1zdHMlMjZ1dG1fa2V5d29yZCUzZHNhbGFyeSUyNTIwYmVuY2htYXJraW5nJTI1MjB0b29scyUyNnV0bV9jYW1wYWlnbiUzZDQ4MjY4MzIyNyUyNnV0bV9hZGdyb3VwJTNkMTIzODA1MDQ1MzE0MTk4MCUyNm1zY2xraWQlM2RiZWI4OTU4ZjMxNjQxZjVhMjYwMWZjMDZkMjU3ZGE5YyUyNnV0bV9zb3VyY2UlM2RiaW5nJTI2dXRtX21lZGl1bSUzZGNwYyUyNnV0bV90ZXJtJTNkc2FsYXJ5JTI1MjBiZW5jaG1hcmtpbmclMjUyMHRvb2xzJTI2dXRtX2NvbnRlbnQlM2RTYWxhcnklMjU3Q0JlbmNobWFya2luZw&rlid=beb8958f31641f5a2601fc06d257da9c,Found
Mike Maples Jr. on Inflection Theory and Breaking Patterns in European Venture.txt,https://www.eu.vc/p/mike-maples-jr-on-inflection-theory/comments,Found
Moving upmarket and the ascent of SMB SaaS - Bessemer Venture Partners.txt,https://www.bvp.com/atlas/moving-upmarket-and-the-ascent-of-smb-saas,Found
My 9 Favorite Growth Frameworks - by Elena Verna.txt,https://www.elenaverna.com/p/my-9-favorite-growth-frameworks,Found
Naval Ravikant‚Äôs Top Take on Early-Stage Startups and Investments _ BeFreed.txt,https://www.befreed.ai/list/naval_ravikant_top_take_on_early_stage_startups_and_investments,Found
Need to grow fast_ There‚Äôs a team for that now - OpenView.txt,https://openviewpartners.com/blog/hiring-growth-teams/,Found
"Networks effects fuel new successful marketplaces, says James Currier _ Marketplace Academy.txt",https://www.sharetribe.com/academy/marketplace-conference-5/,Found
New at Intercom uncut_ Here_s what happened at our virtual launch event.txt,https://www.dragonwolves.com/threads/ask-the-lead-designer-rob-irving.28427/,Found
Nik Sharma_ Building DTC Companies - David Perell.txt,https://perell.com/podcast/nik-sharma-building-dtc-companies/,Found
Notes on _High Growth Handbook_.txt,https://growth.eladgil.com/,Found
OECD - AI adoption by small and medium‚Äësized.pdf,https://onestart.ai/blog/how-ai-gives-small-businesses-competitive-edge/,Found
OECD - Beyond Automation a German textile SME‚Äôs hybrid approach to smart manufacturing.pdf,https://www.readkong.com/page/polymer-technology-the-backbone-of-irish-manufacturing-6145895,Found
OECD - Generative AI and the SME - 2025.pdf,https://aicompetence.org/the-human-firewall-why-culture-blocks-ai-in-smes/,Found
OECD - SME Digitalisation to manage shocks and transitions.pdf,https://www.oecd.org/en/publications/sme-digitalisation-to-manage-shocks-and-transitions_eb4ec9ac-en.html,Found
OECD - SME digitalisation for competitiveness.pdf,https://www.oecd.org/en/publications/sme-digitalisation-for-competitiveness_197e3077-en.html,Found
October _ 2013 _ So Entrepreneurial.txt,https://soentrepreneurial.com/tag/entrepreneurship-2/,Found
On becoming a product-led SaaS business _ Notion.txt,https://productled.com/blog/what-is-a-product-led-organization-and-strategy,Found
On negotiating your first few partnerships_.txt,https://due.com/how-to-negotiate-contracts/,Found
On the Road to Recap_ - Above the CrowdAbove the Crowd _ By Bill Gurley.txt,https://abovethecrowd.com/,Found
Onboarding Strategies to Drive Long-Term Customer Retention.txt,https://www.intercom.com/blog/better-onboarding-strategies/,Found
Onboarding customers for long-term success [Complete Guide](1).txt,https://www.bing.com/aclick?ld=e8CVyhHOvANxQvADRYbTJYRjVUCUyocWShbJHRkp7CTnssVP_wYmeMPaHbttJioXIKHlyA_svRgQb0R-SMnwNHZN_xBueBzGl7ycUbEny8CN82s_HxgvhNX_f0ITdpw2zI-0yd8cO5VEE0JHx4VQ9CLac8SMhiQ6ALSd3Nz3esrC6N6yb_Dv-HXQiltuIedAg58rOydA&u=aHR0cHMlM2ElMmYlMmZhZC5kb3VibGVjbGljay5uZXQlMmZzZWFyY2hhZHMlMmZsaW5rJTJmY2xpY2slM2ZsaWQlM2Q0MzcwMDA4MzAyNzg5MjY2NyUyNmRzX3Nfa3dnaWQlM2Q1ODcwMDAwODk4Nzg0OTgwNCUyNmRzX2FfY2lkJTNkNzM3OTg5MjY5NyUyNmRzX2FfY2FpZCUzZDIzMzYwOTUzMzg3JTI2ZHNfYV9hZ2lkJTNkMTk4NTQyNTQxNzg4JTI2ZHNfYV9saWQlM2Rrd2QtODQyNTY0NjI3OTk5JTI2JTI2ZHNfZV9hZGlkJTNkODE1MDE0NDAwNDk1NDglMjZkc19lX3RhcmdldF9pZCUzZGt3ZC04MTUwMTY4NDY2NDQ4MSUzYWxvYy0xMjklMjYlMjZkc19lX25ldHdvcmslM2RvJTI2ZHNfdXJsX3YlM2QyJTI2ZHNfZGVzdF91cmwlM2RodHRwcyUzYSUyZiUyZnd3dy5zZXJ2aWNlbm93LmNvbSUyZmxwZWJrJTJmbWFrZS1qb3VybmV5LW1hcHBpbmcteW91ci1zZWNyZXQtdG8tb3V0c3RhbmRpbmctY3VzdG9tZXItc2VydmljZS5odG1sJTNmZ2NsaWQlM2RjZGNmYTQ5MDYzYzExNTM1NTM3YWNkMTk4MDUyNmI0MiUyNmdjbHNyYyUzZDNwLmRzJTI2JTI2bXNjbGtpZCUzZGNkY2ZhNDkwNjNjMTE1MzU1MzdhY2QxOTgwNTI2YjQyJTI2dXRtX3NvdXJjZSUzZGJpbmclMjZ1dG1fbWVkaXVtJTNkY3BjJTI2dXRtX2NhbXBhaWduJTNkQklOR19FTUVBX0FMTF9FTl9ERU1BTkRHRU5fQ1NNVF9QUlNQX05vbkJyYW5kX1BIUl9OT0VVLUVEVSUyNnV0bV90ZXJtJTNkaG93JTI1MjB0byUyNTIwaW1wcm92ZSUyNTIwdGhlJTI1MjBjdXN0b21lciUyNTIwam91cm5leSUyNnV0bV9jb250ZW50JTNkSG93JTI1MjAtJTI1MjBDdXN0b21lciUyNTIwSm91cm5leV9FRFVfUEhS&rlid=cdcfa49063c11535537acd1980526b42,Found
Onboarding customers for long-term success [Complete Guide].txt,https://www.intercom.com/blog/onboarding-guide/,Found
OpenView_s Kyle Poyar shares how to build a standout software company in the 2020s _ TechCrunch.txt,https://techcrunch.com/2022/06/21/openviews-kyle-poyar-shares-how-to-build-a-standout-software-company-in-the-2020s/,Found
Operationalizing Your Segmentation Strategy _ OpenView Labs.txt,https://openviewpartners.com/blog/operationalizing-your-segmentation-strategy-company-wide-initiatives-to-consider/,Found
"Orb _ ACV for SaaS companies_ Definition, calculation, and impact in 2025.txt",https://www.withorb.com/blog/acv-in-saas,Found
PAWEL.CH (@pawell) - Pawel Chudzinski_s blog - thoughts on venture capital and startups in Berlin and Europe_.txt,https://www.easycounter.com/report/pawel.ch,Found
PLG vs. Product-Led Sales_ What_s the Difference and Which One Should You Use_.txt,https://www.storylane.io/blog/product-led-vs-sales-led,Found
"PODCAST_ Right People, Right Companies_ How to Launch ABM as a Manufacturer w_ Sangram Vajre.txt",https://www.gorilla76.com/right-people-right-companies-abm-sangram-vajre,Found
Pacific Crest_s 2011 SaaS Survey - For Entrepreneurs.txt,https://www.forentrepreneurs.com/saas-survey/,Found
"Patrick Campbell_ Pricing, Retention, and Growth Strategies That Work.txt",https://businessofsoftware.org/talks/pricing-retention-and-growth-strategies/,Found
"Pattern Breakers_ How to find a great startup idea _ Mike Maples, Jr. (Founding Partner at Floodgate, ex-Product at Silicon Graphics).txt",https://www.lennysnewsletter.com/p/how-to-find-a-great-startup-idea-mike-maples-jr,Found
"Peep Laja, founder @ CXL, on a decade-long career pioneering CRO.txt",https://blog.useproof.com/peep-laja-cxl,Found
Perspectives_ Empowering the CFO suite and B2B workflows - Northzone multi-stage venture capital fund.txt,https://northzone.com/2024/02/20/perspectives-empowering-the-cfo-suite-and-b2b-workflows/,Found
Perspectives_ Freeing SMBs from Franchises through AI - Northzone multi-stage venture capital fund.txt,https://www.linkedin.com/posts/molly-alter-3ab1159a_perspectives-freeing-smbs-from-franchises-activity-7141411677027065856-rp3e,Found
Platforms in an Aggregator World ‚Äì Stratechery by Ben Thompson.txt,https://stratechery.com/2020/platforms-in-an-aggregator-world/,Found
Predictable Revenue Forecasting is Possible with Usage-Based Pricing -.txt,https://openviewpartners.com/blog/predictable-revenue-forecasting-usage-based-pricing/,Found
Pricing 201 for B2B SaaS companies_ Price-product fit - Blume.txt,https://blume.vc/commentaries/pricing-201-for-b2b-saas-companies-price-product-fit,Found
Pricing Transformations in 2020 - OpenView.txt,https://openviewpartners.com/blog/pricing-transformations-in-2020/,Found
Pricing and Churn_ Is Your Price Point Driving Customers Away_.txt,https://www.getmonetizely.com/articles/pricing-and-churn-is-your-price-point-driving-customers-away?,Found
Pricing and Packaging Strategy for Early-stage Startups _ PMMHIVE.txt,https://www.productmarketinghive.com/pricing-and-packaging-strategy-for-early-stage-startups/,Found
Pricing heuristics_.txt,https://www.warc.com/content/paywall/article/warc-exclusive/modern-pricing-heuristics-in-a-cost-of-living-crisis/en-GB/155070,Found
"Pricing models, the freemium myth and why you may not be charging enough for your product - VC Adventure.txt",https://sethlevine.com/archives/2010/08/pricing-models-the-freemium-myth-and-why-you-may-not-be-charging-enough-for-your-product.html,Found
Primer_ From Software to Schools.txt,https://www.notboring.co/p/primer-from-software-to-schools,Found
Product Hunt is Everywhere ‚Äî This is How It Got There.txt,https://review.firstround.com/product-hunt-is-everywhere-this-is-how-it-got-there/,Found
Product Lessons Learned_ A Conversation with Shreyas Doshi & John Cutler.txt,https://amplitude.com/blog/shreyas-doshi-product-lessons,Found
Product People _ Transcript_ EP68_ Brian Casel on productized services.txt,https://www.smartpassiveincome.com/podcasts/productize-your-business-with-brian-casel/,Found
Product-Market Fit Examples_ Lessons from Top SaaS Startups.txt,https://www.eleken.co/blog-posts/product-market-fit-examples,Found
Product-led marketing - by Kyle Poyar - Lenny_s Newsletter.txt,https://www.lennysnewsletter.com/p/product-led-marketing,Found
Rahul Vohra on The Product-Market Fit Engine ‚Äì Business of Software.txt,https://businessofsoftware.org/talks/product-market-fit-engine/,Found
Raising venture capital to grow your SaaS machine _ Notion.txt,https://www.notion.vc/resources/raising-venture-capital-to-grow-your-saas-machine,Found
Ramp and the AI Opportunity - Not Boring by Packy McCormick.txt,https://www.notboring.co/p/ramp-and-the-ai-opportunity,Found
Reduce SMB Customer Churn_ 5 SaaS Retention Strategies.txt,https://forecastio.ai/blog/strategies-for-reducing-smb-churn-in-saas,Found
Reducing Churn Rate_ Proven Tactics for SaaS Companies.txt,https://www.bing.com/aclick?ld=e8O3y-mNJMxVDmjFjjTTqzgjVUCUyWlmrrPmRo6gqgMOPNBuEDtrCbEbX_-wOnmUYQUtHFlJXl1CnkxF797R_IgJ6xd_93MdrJg-bFtk32Yyn8aY7Yg6EBuXEqnx8WSZBcq_E2Y0j3CdoP9gIA3_fBeH6V1Qo0uxsT4mZZw51Ku5s93E1u-2_EKRFoRSOZC0xGeVy6iQ&u=aHR0cHMlM2ElMmYlMmZ3d3cubWFya2V0c3Rhci5jb20lMmZzb2x1dGlvbnMlMmZjdXN0b21lci1zdWNjZXNzJTNmdXJsJTNkaHR0cHMlMjUzQSUyNTJGJTI1MkZ3d3cubWFya2V0c3Rhci5jb20lMjUyRnNvbHV0aW9ucyUyNTJGY3VzdG9tZXItc3VjY2VzcyUyNmlkJTNkNSUyNnV0bV9zb3VyY2UlM2RiaW5nJTI2dXRtX21lZGl1bSUzZFNlYXJjaCUyNnV0bV9jYW1wYWlnbiUzZFNlYXJjaF9DaHVybl9SZWR1Y3Rpb25fQXVnMTAtVVNBJTI2bXNjbGtpZCUzZDhjNzZjZWU4YmRlNjFiNzkxOGUzYTc2MTU5ZjFkZWIz&rlid=8c76cee8bde61b7918e3a76159f1deb3,Found
Refining strategy with Wardley Mapping. _ Irrational Exuberance.txt,https://lethain.com/wardley-mapping/,Found
Renewal Based Upselling_ SaaS Strategies to Drive ACV Growth.txt,https://www.bing.com/aclick?ld=e8o-R1_dI2zNFX3zh0xBD4ZjVUCUxpZgdzGKJaSEuDOB5X4hRaMZAEdqsJ1SELUazy6zrtDJ2wi3WuHzuB9cqbYUlUO8HoX_gz1wxXvTHsphJoAvQ_DEJcqlPg5cb5CVfODp9AadK65ByTa4BzQlQ2ZsyG_8PlqhNuGBIGN0OHs6jgvDVbmsecasBUhVgs4-u7dmrNTA&u=aHR0cHMlM2ElMmYlMmZ4ZW5zYW0uY29tJTJmc29sdXRpb25zJTJmc2Fhcy1tYW5hZ2VtZW50JTJmJTNmdXRtX3NvdXJjZSUzZGJpbmclMjZ1dG1fbWVkaXVtJTNkcHBjJTI2dXRtX2NhbXBhaWduJTNkMjIyOTMxNDMtMjAyNS1RNC1DLVNBQVNNQU5BR0VNRU5ULUdMJTI2dXRtX3Rlcm0lM2RzYWFzJTI1MjBzdWJzY3JpcHRpb24lMjZ1dG1fY2FtcGFpZ24lM2QlMjZ1dG1fc291cmNlJTNkYmluZyUyNnV0bV9tZWRpdW0lM2RwcGMlMjZoc2FfYWNjJTNkMzcyOTk4Njc0MyUyNmhzYV9jYW0lM2Q1NzA1MDM5NDElMjZoc2FfZ3JwJTNkMTE4NzQ3NDUxNTYwOTI2MiUyNmhzYV9hZCUzZCUyNmhzYV9zcmMlM2RvJTI2aHNhX3RndCUzZGt3ZC03NDIxNzU5NzYyNDg5MyUzYWxvYy0xMjklMjZoc2Ffa3clM2RzYWFzJTI1MjBzdWJzY3JpcHRpb24lMjZoc2FfbXQlM2RwJTI2aHNhX25ldCUzZGFkd29yZHMlMjZoc2FfdmVyJTNkMyUyNm1zY2xraWQlM2QzZThiOTQ0N2Q1N2QxOThlYjNiYWZkY2UzMTVlN2MzNw&rlid=3e8b9447d57d198eb3bafdce315e7c37,Found
Required reading for marketplace startups_ The 20 best essays at andrewchen.txt,https://andrewchen.com/marketplace-startups-best-essays/,Found
Retention Benchmarks ‚Äî Brian Balfour.txt,https://brianbalfour.com/quick-takes/retention-benchmarks,Found
Roadmap_ 10 laws of cloud - Bessemer Venture Partners.txt,https://www.bvp.com/atlas/10-laws-of-cloud,Found
SEEING BOTH SIDES  _ VC Perspectives from a Former Entrepreneur ‚Äì Jeff Bussgang_.txt,https://seeingbothsides.com/author/bussgang/page/4/,Found
SIENCE DIRECT - Analyzing AI adoption in European SMEs A study of digital capabilities.pdf,https://www.sciencedirect.com/science/article/pii/S0160791X24002811,Found
SMB SaaS at Scale_ Founder Learnings from HubSpot ‚Äì An Operator_s Blog.txt,https://operator.blog/2023/03/20/smb-saas-at-scale-founder-learnings-from-hubspot/,Found
SMB Sales Strategy_ 10 Tips for Selling to SMB Customers _ Yesware.txt,https://www.yesware.com/blog/smb-sales/,Found
SMB Sales_ How to win more SMB customers.txt,https://www.salesfocusinc.com/smb-sales/,Found
SMB Sales_ Smart Strategies for Selling SaaS to Small Businesses.txt,https://intandem.vcita.com/blog/smb-insights/how-to-sell-saas-to-smbs,Found
SMB vs Enterprise_ Outbound Sales Strategy for 2025 Success.txt,https://www.sales-echo.com/blog/what-is-b2b-sales,Found
SME AI Adoption - Key Statistics and Findings Revealed - Daijobu AI - OECD.pdf,https://daijobu.ai/2025/05/14/sme-ai-adoption-in-2025-key-insights-from-oecd-research-that-could-transform-your-business/,Found
SME Tech Leaders Summit 2025 - Saving Cost & Time While Driving Revenue in an Era of AI Disruption.txt,https://www.linkedin.com/posts/rhornby_last-weeks-times-ceo-summit-proved-to-be-activity-7343271607060119552-Z4mz,Found
SME Tech_ Europe‚Äôs Hidden Giants.txt,https://merics.org/en/comment/chinas-little-giants-turn-heat-europes-hidden-champions,Found
SUERF - The European Money and Finance Forum.pdf,https://www.suerf.org/publications/,Found
SaaS CEO‚Äôs Guide to Finance and Accounting.txt,https://www.driveninsights.com/the-saas-ceo-guide-to-finance-and-accounting,Found
SaaS Customer Acquisition Strategies Guide for Your Company.txt,https://www.ai-bees.io/post/saas-customer-acquisition,Found
SaaS Go-to-Upmarket _ Andreessen Horowitz.txt,https://a16z.com/podcast/a16z-podcast-saas-go-to-upmarket/,Found
SaaS Growth Strategy #2_ Building Strategic Upsell Paths.txt,https://www.zuora.com/guides/saas-growth-strategy-2-building-strategic-upsell-paths/,Found
SaaS Management Platforms for SMBs - a Comprehensive Guide.txt,https://www.substly.com/en/blog/saas-management-platforms-for-smbs-a-comprehensive-guide,Found
SaaS Metrics 2.0 - A Guide to Measuring and Improving what Matters - For Entrepreneurs.txt,https://www.forentrepreneurs.com/saas-metrics-2/,Found
SaaS Metrics _ Downloadable Templates _ Oxx.txt,https://www.oxx.vc/go-to-market-fit/dl-templates/oxx-saas-metrics-template/,Found
SaaS Metrics_ VCs Share the 7 Key Metrics You Need to Track.txt,https://saasgarage.com/blog/financing/seven-key-saas-metric/,Found
SaaS Packaging 201_ 9 Advanced Lessons for Better SaaS Packaging - OpenView.txt,https://openviewpartners.com/blog/better-saas-packaging/,Found
SaaS Pricing Strategy 101_ Examples & mistakes to avoid.txt,https://www.dock.us/library/saas-pricing-strategy,Found
SaaS Pricing_ Why Enterprise & SMB Software Pricing Differs.txt,https://www.cisin.com/coffee-break/how-do-enterprise-saas-marketing-software-solutions-differ.html,Found
SaaS Product-Led Growth and the New Customer Journey ‚Äì with Blake Bartlett [263] _ SaaS Club.txt,https://saasclub.io/podcast/saas-product-led-growth-and-new-customer-journey-blake-bartlett/,Found
SaaS Product-Market Fit_ Complete Guide for Founders in 2024.txt,https://rampd.co/blog/saas-product-market-fit/,Found
SaaStr Annual 2022 (Event Summary) - SellingSherpa.txt,https://www.saastrannual2022.com/agenda-and-speakers,Found
"SaaStr Podcast #187_ Christoph Janz, Managing Partner @ Point Nine Capital on Making Venture Capital More Human _ SaaStr.txt",https://www.saastr.com/saastr-podcast-187-christoph-janz-managing-partner-point-nine-capital-on-making-venture-capital-more-human/,Found
"SaaStr Podcast #190_ Ed Sim, Founder & GP @ Boldstart Ventures on Why SaaS Founders Should Not Sell Their Products in The Early Days _ SaaStr.txt",https://www.saastr.com/saastr-podcast-190-ed-sim-founder-gp-boldstart-ventures-on-why-saas-founders-should-not-sell-their-products-in-the-early-days/,Found
"SaaStr Podcasts for the Week with Byron Deeter, Elliott Robinson, Henry Schuck, and Jason Lemkin _ SaaStr.txt",https://www.saastr.com/saastr-podcasts-for-the-week-with-byron-deeter-elliott-robinson-henry-schuck-and-jason-lemkin/,Found
Sales & Marketing Tips for Pitching Your SMB Product‚Ä¶ _ Bowery Capital.txt,https://bowerycap.com/blog/sales/tips-for-pitching-your-smb-product,Found
Sales-Led vs. Product-Led Growth.txt,https://www.leanlabs.com/blog/product-led-growth-vs-sales-led-growth,Found
Salesforce‚Äôs Evolving SMB Strategy_ From Starter Suite to Pro Suite and Beyond ‚Äì Laurie McCabe_s Blog.txt,https://lauriemccabe.com/2025/12/19/salesforces-evolving-smb-strategy-from-starter-suite-to-pro-suite-and-beyond/,Found
Sarah Tavel _ Aleph Invested.txt,https://www.aleph.vc/invested?75b4f9f3_page=2,Found
Scaling AI to Transform the Enterprise _ Bain & Company.pdf,https://www.bain.com/insights/scaling-ai-to-transform-the-enterprise/,Found
"Scaling Faster, An AMA with SaaStr Founder & CEO Jason Lemkin (Pod 577) _ SaaStr.txt",https://www.saastr.com/scaling-faster-an-ama-with-saastr-founder-ceo-jason-lemkin-pod-577/,Found
"Scaling Faster, Part 2_ An AMA with SaaStr Founder & CEO Jason Lemkin (Pod 583) _ SaaStr.txt",https://www.saastr.com/scaling-faster-part-2-an-ama-with-saastr-founder-ceo-jason-lemkin-pod-583/,Found
Scaling GTM from $25 to $50 million ARR - Bessemer Venture Partners.txt,https://www.bvp.com/atlas/scaling-gtm-from-25-to-50-million-arr,Found
Scaling SaaS Startups Beyond ‚Ç¨1M ARR_ The Hidden Risks and Growth Blueprint.txt,https://millstone.nl/startup-growth-blog/scaling-saas-startups-beyond-1m-arr-average-recurring-revenue,Found
Scaling SaaS the Right Way_ Your Guide to Product-Led Sales Growth.txt,https://www.chargebee.com/blog/can-scale-saas-product-plg-model/,Found
Scaling Through Chaos _ Index Ventures.txt,https://www.indexventures.com/scaling-through-chaos/,Found
Scaling a recruiting organization ‚Äì High Growth Handbook.txt,https://growth.eladgil.com/book/recruiting/recruiting-best-practices/,Found
Scaling from $1 to $10 million ARR - Bessemer Venture Partners.txt,https://www.bvp.com/atlas/scaling-from-1-to-10-million-arr,Found
Scaling from the Start_ How Sales Strategy Drives SMB Growth.txt,https://reverselogisticssolutions.com/scaling-smart-proven-strategies-for-your-company-success/,Found
"Seed Investing Today_ What‚Äôs Changed, What Hasn‚Äôt with Aileen Lee and Jason Lemkin (Video + Transcript) _ SaaStr.txt",https://www.saastr.com/seed-investing-today-whats-changed-what-hasnt-with-aileen-lee-and-jason-lemkin-video-transcript/,Found
Selling to SMBs _ Andreessen Horowitz.txt,https://a16z.com/selling-to-smbs-a-founders-playbook/,Found
ServiceTitan - Bessemer Venture Partners.txt,https://www.bvp.com/memos/servicetitan,Found
Should your SaaS startup embrace a bottom-up GTM strategy_ _ TechCrunch.txt,https://techcrunch.com/2020/10/28/should-your-saas-startup-embrace-a-bottom-up-gtm-strategy/,Found
Shreyas Doshi_s Guide to Validating & Prioritizing Ideas _ OpinionX ‚Äî Free Stack Ranking Surveys.txt,https://www.opinionx.co/blog/shreyas-doshi-cpsr,Found
Six Key Benchmarks for Your SaaS Startup _ Tomasz Tunguz.txt,https://tomtunguz.com/saas-startup-benchmarks/,Found
"Small Applications, Growing Protocols.txt",https://www.notboring.co/p/small-applications-growing-protocols,Found
Small Businesses‚Äô Guide to the AI Act _ EU Artificial Intelligence Act.pdf,https://en.wikipedia.org/wiki/Artificial_Intelligence_Act,Found
Smart Sales Management for Startups & SMEs ‚Äì Passion Mantra.txt,https://www.bing.com/aclick?ld=e8szpry1LziVYxPzYzDZp72DVUCUyjGGbzOLKVM_ZoZxTCTAYTg6UdhO-wkNABaoy0qlacm9dsuCrRd5-gjgQDsjUOj4WrjK-h1VsRoZ5w6TGklpSPAf61mHP213AzxtO9-qm8F1tSq15XqCmrpyJCmgl9fCVMJR9kaHhkn9NhXY5JRihpvb5yAxb-8dKZjglDbHY2Rg&u=aHR0cHMlM2ElMmYlMmZ3d3cubm9jcm0uaW8lMmYlM2Z1dG1fc291cmNlJTNkYmluZyUyNnV0bV9tZWRpdW0lM2RjcGMlMjZ1dG1fY2FtcGFpZ24lM2QlNWJTRUFSQ0grQklORyU1ZC1FTi1OZXRoZXJsYW5kcy1nZW4lMjZtc2Nsa2lkJTNkYmJlMTM2Njk0MjVkMWJkMTFmOTg1ZmUwYTZhMWMxNWU&rlid=bbe13669425d1bd11f985fe0a6a1c15e,Found
Software powering the PLG era - by Janelle Teng Wade.txt,https://nextbigteng.substack.com/p/software-powering-the-plg-era,Found
Solving the SME Talent Crisis_ Lessons from Building LokL√∂wen.txt,https://smetechleaders.substack.com/p/solving-the-sme-talent-crisis-lessons,Found
Sprig & Differentiating Insights.txt,https://www.spriglearning.com/category/differentiated-instruction/,Found
Start with the story ‚Äî Drift‚Äôs David Cancel on lessons he‚Äôs learned as a 5X founder.txt,https://review.firstround.com/podcast/start-with-the-story-drifts-david-cancel-on-lessons-hes-learned-as-a-5x-founder/,Found
Startups ‚Äì An Operator_s Blog.txt,https://operator.blog/category/startups/,Found
State of the Cloud 2021 - Bessemer Venture Partners.txt,https://www.bvp.com/atlas/state-of-the-cloud-2021,Found
Steal these brilliant growth tactics (part 2).txt,https://construkt.beehiiv.com/p/growth-tactics-ux-links,Found
StepUp_StartUps__Report_AI_and_Busiess_Support_Processes_ofY3KyLSGNfOYb44qPM4aOuiHU_119707.pdf,https://www.eu-startups.com/2025/10/stepup-startups-report-how-ai-is-revolutionising-business-support-processes-for-european-smes/,Found
Steph Smith_ How to become successful as a content creator _ Get The Audience.txt,https://podbay.fm/p/the-audience-explorer/e/1643907960,Found
Stripe_ The Internet_s Most Undervalued Company.txt,"https://en.wikipedia.org/wiki/Stripe,_Inc.",Found
"Summary_ April Dunford on product positioning, segmentation, and optimizing your sales process.txt",https://www.lennysnewsletter.com/p/summary-april-dunford-on-product,Found
Superhuman_ The Power of Data-Driven Product Market Fit ‚Äì with Rahul Vohra [342] _ SaaS Club(1).txt,https://saasclub.io/podcast/rahul-vohra-superhuman-342/,Found
Superhuman_ The Power of Data-Driven Product Market Fit ‚Äì with Rahul Vohra [342] _ SaaS Club.txt,https://saasclub.io/podcast/rahul-vohra-superhuman-342/,Found
Supporting European Growth in Tomorrow‚Äôs Economy _ BCG.pdf,https://en.wikipedia.org/wiki/Circular_economy,Found
"Talking venture, B2B and thesis-driven investment with Work-Bench_s Jon Lehr _ TechCrunch.txt",https://techcrunch.com/podcast/talking-venture-b2b-and-thesis-driven-investment-with-work-benchs-jon-lehr/,Found
The 18 Mistakes That Kill Startups.txt,https://paulgraham.com/startupmistakes.html,Found
The 8 KPIs That Actually Matter‚Äîand How to Measure Them _ OpenView.txt,https://openviewpartners.com/blog/what-are-key-performance-indicators-6-saas-metrics-that-really-matter/,Found
The AI Act_ help or hindrance for SMEs_ - European DIGITAL SME Alliance.pdf,https://www.digitalsme.eu/the-ai-act-help-or-hindrance-for-smes/,Found
The AI Inclusion is Here_ How Can SMEs Leverage It to Break Through_ _ Deloitte China.pdf,https://thefintechbuzz.com/latest-news/2023/11/07/46909/deloitte-canada-makes-an-impact-that-matters-in-2023/,Found
The Angel VC_ Five ways to build a $100 million business.txt,https://christophjanz.blogspot.com/2014/10/five-ways-to-build-100-million-business.html,Found
The Best Reads on Platforms from 2021 - Boundaryless.txt,https://boundaryless.io/,Found
The Best Ways to Boost SaaS ACV‚Äã - PayKickstart.txt,https://paykickstart.com/boost-saas-acv/,Found
The Bill Gurley Chronicles _ Research.txt,https://macro-ops.com/the-bill-gurley-chronicles-an-above-the-crowd-mba-on-vcs-marketplaces-and-early-stage-investing/,Found
"The Business of Freelancing, Episode 21_ Brian Casel on Productized Services - Double Your Freelancing.txt",https://doubleyourfreelancing.com/productizedservices/,Found
The Four Fits_ A Growth Framework for the AI Era.txt,https://blog.brianbalfour.com/p/the-four-fits-a-growth-framework,Found
The Growth Loop Framework Explained.txt,https://growthmethod.com/growth-loops/,Found
The Logan Bartlett Show.txt,https://podcasts.apple.com/us/podcast/the-logan-bartlett-show/id1606770839,Found
The Marketing Playbook From ‚ÄúThe DTC Guy‚Äù Nik Sharma - Shopify.txt,https://www.shopify.com/blog/nik-sharma-marketing,Found
The Most Successful SMB SaaS Acquisition Channel Ever Built _ Tomasz Tunguz.txt,https://tomtunguz.com/most-successful-smb-saas-acquisition-channel/?ref=hackingrevenue,Found
The NFX Founder Toolkit.txt,https://www.nfx.com/post/nfx-founder-toolkit,Found
The Network Effects Bible.txt,https://www.nfx.com/post/network-effects-bible,Found
The New SaaS Metric You Should Be Tracking - OpenView.txt,https://www.bing.com/aclick?ld=e8xLiKCqepyVwUVlybJZahnjVUCUzVt7iTxRNy_HM9qhOInURrIYaZX2Yqklz0hylTBkN6OlKcNG-w2S5-qw1QXhAn6_vWCiL1HnRFWeLixbwQDIZJSBHOqnbkRnxArYjF90W_zfFq8wry0jFVdXvnCUAOLxe9YoZ9MX5umvZgTTdb-ERBR1wIH9OHFgwrp1DIpN4pEg&u=aHR0cHMlM2ElMmYlMmZ4ZW5zYW0uY29tJTJmc29sdXRpb25zJTJmc2Fhcy1tYW5hZ2VtZW50JTJmJTNmdXRtX3NvdXJjZSUzZGJpbmclMjZ1dG1fbWVkaXVtJTNkcHBjJTI2dXRtX2NhbXBhaWduJTNkMjIyOTMxNDMtMjAyNS1RNC1DLVNBQVNNQU5BR0VNRU5ULUdMJTI2dXRtX3Rlcm0lM2RzYWFzJTI1MjBtYW5hZ2VtZW50JTI2dXRtX2NhbXBhaWduJTNkJTI2dXRtX3NvdXJjZSUzZGJpbmclMjZ1dG1fbWVkaXVtJTNkcHBjJTI2aHNhX2FjYyUzZDM3Mjk5ODY3NDMlMjZoc2FfY2FtJTNkNTcwNTAzOTQxJTI2aHNhX2dycCUzZDExODc0NzQ1MTU2MDkyNjIlMjZoc2FfYWQlM2QlMjZoc2Ffc3JjJTNkbyUyNmhzYV90Z3QlM2Rrd2QtNzQyMTc1OTc2MjQ4OTIlM2Fsb2MtMTI5JTI2aHNhX2t3JTNkc2FhcyUyNTIwbWFuYWdlbWVudCUyNmhzYV9tdCUzZHAlMjZoc2FfbmV0JTNkYWR3b3JkcyUyNmhzYV92ZXIlM2QzJTI2bXNjbGtpZCUzZGI5M2IxMDI0NGUxOTFkZjQzYWNlNzlhZGFiYWVjMTc2&rlid=b93b10244e191df43ace79adabaec176,Found
The New User Journey_ Follow Your Users to Understand how to Excel at Go-to-Market - OpenView.txt,https://openviewpartners.com/blog/new-user-journey-go-to-market/,Found
The Next Wave of SMB SaaS_  True Solutions.  Priced as Such. _ SaaStr.txt,https://www.saastr.com/the-next-wave-of-smb-saas/,Found
The One Article On Product Market Fit You Need _ Oh Blimey_.txt,https://www.ohblimey.com/blog/not-another-article-on-product-market-fit,Found
The Product Builder_s True Journey - by Shreyas Doshi.txt,https://shreyasdoshi.substack.com/p/the-product-builders-true-journey,Found
The Product-Led Growth Guide for New SaaS Products.txt,https://devsquad.com/blog/product-led-growth,Found
The Product-Led Growth Single Point of Truth Framework_ Managing Scalable Growth - OpenView.txt,https://openviewpartners.com/blog/plg-framework/,Found
"The Remote Show Podcast _ Jason Fried, Co-Founder and CEO of Basecamp.txt",https://weworkremotely.com/the-remote-show-podcast/jason-fried-co-founder-and-ceo-of-basecamp,Found
The Rise of Vertical SaaS_ Why Niche Solutions Are Winning - Swarnendu De.txt,https://www.swarnendu.de/blog/why-vertical-saas-is-winning/,Found
The SaaS Adventure _ TechCrunch.txt,https://techcrunch.com/2015/02/01/the-saas-travel-adventure/,Found
The State of AI 2025 - by Janelle Teng Wade - Next Big Teng.txt,https://substack.com/@janelleteng,Found
The U.S. Perspective on SME Tech - SME Tech Leaders.txt,https://www.computerweekly.com/news/252507229/Fixing-the-SME-tech-crisis,Found
The U.S. Perspective on SME Tech.txt,https://www.linkedin.com/pulse/us-perspective-sme-tech-videesha-boeckle-itwde,Found
The ULTIMATE Series A Fundraising Playbook _ Christian Meermann from Cherry Ventures.txt,https://www.understandingvc.com/the-ultimate-series-a-fundraising-playbook-christian-meermann-from-cherry-ventures/,Found
The Ultimate SaaS Pricing Resources Guide - OpenView.txt,https://openviewpartners.com/blog/saas-pricing-resource-guide/,Found
The _No Differentiation_ Illusion.txt,https://shiftfrequency.com/differentiating-between-an-illusion-from-actual-reality/,Found
The best SaaS blog posts and resources library _ ChartMogul.txt,https://chartmogul.com/blog/data-literacy-cheat-sheet/,Found
The critical metrics for each stage of your SaaS business (Guest post by Lars Lofgren of KISSmetrics) at andrewchen.txt,https://www.slideshare.net/dnstevenson/metrics-for-saas,Found
"The entrepreneurial journey, from inception to real scale _ Notion.txt",https://www.notioncapital.com/resources/the-entrepreneurial-journey-from-inception-to-real-scale,Found
The founder‚Äôs playbook for scaling to $1 million ARR - Bessemer Venture Partners.txt,https://www.bvp.com/atlas/the-founders-playbook-for-scaling-to-1-million-arr,Found
To Be Continuous_ Scott Raney of Redpoint Ventures on Why Continuous Delivery Matters _ LaunchDarkly.txt,https://launchdarkly.com/blog/to-be-continuous-scott-raney-of-redpoint-ventures-on-why-continuous-delivery-matters/,Found
Tomasz Tunguz on Venture Capital - The Intercom Blog.txt,https://www.bing.com/aclick?ld=e8kZqBauIXOxGIaPhTemiv5TVUCUzeJ-j3K2A31fzdAbAAcG8HKMGGQlsNukv7Q2eaHNTwEu5LVL6dyeXgLGnb6Qj1_NU-d4eOzopfA9FGjB0WN6FkldA_MQmWw_3Xmn67VBgOFcXTeAi3oXzdhtbO0BDyFFWUll1hBw1xQ1Lr-w0ZgYd-eBerhi3tiyqcFrKGqv61qg&u=aHR0cHMlM2ElMmYlMmZwaXRjaGJvb2suY29tJTJmc29sdXRpb25zJTJmdmVudHVyZS1jYXBpdGFsJTNmdXRtX3NvdXJjZSUzZGJpbmclMjZ1dG1fbWVkaXVtJTNkY3BjJTI2dXRtX2NhbXBhaWduJTNkUk9BU1QtU2VhcmNoLVZDLUV1cm9wZUFsbCUyNmFkZ3JvdXAlM2QlMjZ1dG1fdGVybSUzZHZlbnR1cmUlMjUyMGludmVzdG9ycyUyNm1hdGNodHlwZSUzZHAlMjZjcmVhdGl2ZSUzZCUyNmRldmljZSUzZGMlMjZ1dG1fY29udGVudCUzZCUyNmt3ZGF1ZCUzZGt3ZC03MTYwNjUwMTkzMTc5OSUzYWxvYy0xMjklMjZfYnQlM2Q3MTYwNTk2MDMzMTgxNCUyNnNmaWQlM2QtZGNfcGNyaWRfNzE2MDU5NjAzMzE4MTRfcGt3X3ZlbnR1cmUlMjUyMGludmVzdG9yc19wbXRfYnBfc2xpZF9fcHJvZHVjdGlkX19wZ3JpZF8xMTQ1NjkyODUzMDAwOTY4X3B0YWlkX2t3ZC03MTYwNjUwMTkzMTc5OSUzYWxvYy0xMjklMjZtc2Nsa2lkJTNkOWNjNGUwOWE5MWQ5MTY5OTE2ZTc4OTEzNzdkYzNmM2Y&rlid=9cc4e09a91d9169916e7891377dc3f3f,Found
Top Lessons in Building Great Teams from Keith Rabois and Founders Fund (Video + Transcript) _ SaaStr.txt,https://www.saastr.com/building-great-teams-khosla-ventures-2/,Found
"Top Sales Lessons Scaling to $100m ARR_  A Discussion with Zendesk, Atlassian and Optimizely at NextWorld Capital _ SaaStr.txt",https://www.saastr.com/top-sales-lessons-scaling-to-100m-arr-a-discussion-with-zendesk-atlassian-and-optimizely/,Found
Turn your startup_s pricing strategy into a powerful growth lever _ TechCrunch.txt,https://techcrunch.com/2022/07/11/turn-your-startups-pricing-strategy-into-a-powerful-growth-lever/,Found
Two Powerful Mental Models_ Network Effects and Critical Mass _ Andreessen Horowitz.txt,https://a16z.com/two-powerful-mental-models-network-effects-and-critical-mass/,Found
Understanding ACV for SaaS Business.txt,https://www.withorb.com/blog/acv-in-saas,Found
Understanding SaaS Metrics_ URR and ACV Explained - Custify Blog.txt,https://www.custify.com/blog/understanding-saas-metrics-urr-and-acv/,Found
Understanding Venture Capital ‚Äî The Holloway Guide to Raising Venture Capital.txt,https://www.holloway.com/g/venture-capital/sections/understanding-venture-capital,Found
Understanding the EU AI Act Practical Implications for SMEs in Europe.pdf,https://digital4business.eu/understanding-the-eu-ai-act-practical-implications-for-smes-in-europe/,Found
Unlocking B2B Marketing Success with Dave Gerhardt _ Formstack Ripple Effect Podcast.txt,https://www.formstack.com/podcast/ripple-effect-dave-gerhardt-drift,Found
Unlocking the Potential of AI in Business Support Processes _ Shaping Europe‚Äôs digital future.pdf,https://www.mckinsey.com/capabilities/quantumblack/our-insights/time-to-place-our-bets-europes-ai-opportunity,Found
Unlocking the Potentialo of AI in business Support Processes.pdf,https://digital-strategy.ec.europa.eu/en/library/unlocking-potential-ai-business-support-processes,Found
Usage of AI technologies increasing in EU enterprises - News articles - Eurostat.pdf,https://ec.europa.eu/eurostat/web/products-eurostat-news/w/ddn-20250123-3,Found
Use of artificial intelligence in enterprises - Statistics Explained - Eurostat.pdf,https://ec.europa.eu/eurostat/statistics-explained/index.php?title=Use_of_artificial_intelligence_in_enterprises,Found
VC Investor Christoph Janz on How to Scale to $100MM ARR - OpenView.txt,https://openviewpartners.com/blog/how-to-scale-to-100mm-arr/,Found
"Venture Confidential _ Ep. #15, Sourcing with Zetta‚Äôs Jocelyn Goldfein _ Heavybit.txt",https://www.heavybit.com/library/podcasts/venture-confidential/ep-15-sourcing-with-zettas-jocelyn-goldfein,Found
"Venture Confidential _ Ep. #20, Feat. Leo Polovets of Susa Ventures _ Heavybit.txt",https://www.youtube.com/watch?v=y8Qtjnaqrik,Found
Vertical SaaS Ideas for Solving Niche Problems_ 10 Profitable Opportunities.txt,https://www.shno.co/blog/vertical-saas-ideas,Found
Vertical SaaS_ Transforming Niche Industries.txt,https://www.singlegrain.com/saas/vertical-saas/,Found
WEF_Transforming_Small_Businesses_2025.pdf,https://www.smartpineapple.ai/post/the-future-of-travel-is-taking-shape-heres-how-small-businesses-can-lead-it,Found
WINNING IN THE US _ WINNING_IN THE US _ Index Ventures.txt,https://www.indexventures.com/winning-in-the-us/,Found
What A Go-To-Market Strategy for Startups Should Look Like.txt,https://goelastic.com/go-to-market-strategy-for-startups/,Found
What Does ACV SaaS Mean in Marketing_ - Single Grain.txt,https://www.singlegrain.com/saas/acv-saas/,Found
What Is a Product-Led Growth Strategy_ A Guide for 2025.txt,https://genesysgrowth.com/blog/product-led-growth-complete-guide,Found
What Matters_ Leading indicator OKRs_ How Superhuman using leading indicators.txt,https://en.wikipedia.org/wiki/Objectives_and_key_results,Found
What Startups Are Really Like.txt,https://paulgraham.com/really.html,Found
What Vertical SaaS Founders Get Wrong About Sales_ An Interview With Fractal_s Mike Flores.txt,https://medium.com/@verticalsaas/what-vertical-saas-founders-get-wrong-about-sales-an-interview-with-fractals-mike-flores-b84144da55d8,Found
What does AI need to thrive in Europe_ _ World Economic Forum.pdf,https://www.weforum.org/stories/2025/09/europe-ai-adoption-lag/,Found
What is Product Positioning_ A Complete Guide.txt,https://www.aha.io/roadmapping/guide/product-strategy/what-is-product-positioning,Found
What is Product-Market Fit & How to Find It For Your Startup.txt,https://blog.tally.so/how-to-measure-your-product-market-fit/,Found
What the Seed Funding Boom Means for Raising a Series A.txt,https://review.firstround.com/what-the-seed-funding-boom-means-for-raising-a-series-a/,Found
What_s üî• in Enterprise IT_VC #306 - by Ed Sim.txt,https://www.whatshotit.vc/p/whats-in-enterprise-itvc-306,Found
When to Sell Your Business_ Timing Strategies for SaaS Founders.txt,https://softwareequity.com/blog/saas-market-timing,Found
Who Are The Best-Fit Startups for the TinySeed SaaS Accelerator_ ‚Äî TinySeed.txt,https://tinyseed.com/latest/best-fit-saas-accelerator,Found
Who is Henry Schuck CEO and Founder ZoomInfo _ SaaStr.txt,https://www.saastr.com/who-is-henry-schuck-ceo-and-founder-zoominfo/,Found
Why Investors in Small‚ÄëCap & LMM Love SaaS (and How Owners Can Maximize Value).txt,https://stonehelmgroup.com/stonehelm-group-blog/why-investors-in-small-cap-lmm-love-saas-and-how-owners-can-maximize-value,Found
Why Most Companies Fail At Moving Up or Down Market ‚Äî Brian Balfour.txt,https://brianbalfour.com/essays/key-lessons-for-100m-growth,Found
Why SMB and Enterprise Sales Have Nothing In Common _ SaaStr.txt,https://www.saastr.com/why-smb-sales-and-enterprise-sales-have-nothing-in-common/,Found
Why Your Pre-Seed SaaS Startup Probably Shouldn_t Pursue Top-Tier Multistage VCs (And Who You Should Target Instead) - Development Corporate.txt,https://developmentcorporate.com/startups/why-your-pre-seed-saas-startup-probably-shouldnt-pursue-top-tier-multistage-vcs-and-who-you-should-target-instead/,Found
Why and how should startups conduct customer interviews_.txt,https://www.bonbillo.com/blog/why-and-how-should-startups-conduct-customer-interviews,Found
Your Guide To Product-Led Sales.txt,https://www.growthunhinged.com/p/your-guide-to-product-led-sales,Found
Your Guide to Growth Amid Uncertainty.txt,https://kylepoyar.substack.com/p/your-guide-to-growth-amid-uncertainty,Found
Your Guide to Outbound Automation_ How Thena 10x Outbound Without BDRs - OpenView.txt,https://openviewpartners.com/blog/outbound-automation-guide/,Found
Your Guide to a PLG Series A.txt,https://openviewpartners.com/blog/your-guide-to-a-plg-series-a/,Found
Your Product Sells Itself. Now Hire Sales. - OpenView.txt,https://www.bing.com/aclick?ld=e8d5WP7vEF7HTtPKqACXh5FTVUCUx04KuM-7GY_jTZqxHEINTt1VZHt2m1qcB-s1e4vy_swfwmR9MYt0-RKcRyZJWTrFbpl2eCFRNqjj0K2fhEG4oEP3WxXpaBTkoUuqFDEbV5ykiEMi-6XCV3KTTazEye2A6TvJ-MR7lrutnMsVFN7_LguFlp7K7hXNu_MJxCeUA8PQ&u=aHR0cHMlM2ElMmYlMmZ3d3cuTWFudWZhY3R1cmVycy1SZXByZXNlbnRhdGl2ZXMuY29tJTNmbXNjbGtpZCUzZGIyZWZlNThiYTFmNzE5ODYzZjc5OGMwMjQ3NGFkMzRj&rlid=b2efe58ba1f719863f798c02474ad34c,Found
Zapier‚Äôs Kieran Flanagan on Rising Above the AI Commodity Wave.txt,https://www.paddle.com/studios/shows/protect-the-hustle/zapier-kieran-flanagan,Found
_    An A_B Testing Story_ _.txt,https://en.wikipedia.org/wiki/A/B_testing,Found
_    Selling Software To Large Businesses_ _.txt,https://ebq.com/how-to-sell-your-software-to-a-big-company/,Found
_    The Black Arts of SaaS Pricing_ _.txt,https://training.kalzumeus.com/newsletters/archive/saas_pricing,Found
_AI Inside_ Opens New Markets for Vertical SaaS _ Andreessen Horowitz.txt,https://a16z.com/vsaas-vertical-saas-ai-opens-new-markets/,Found
_It‚Äôs Easier to Be Born Global than to Become Global_ An Interview with Martin Mignot.txt,https://en.wikipedia.org/wiki/Brian_Schmidt,Found
_To sell is Human_ - Getting the sales model right.txt,https://www.shortform.com/blog/to-sell-is-human-review/,Found
a16z Growth_s David George on His Frameworks for Late-Stage Investing _ Andreessen Horowitz.txt,https://a16z.com/podcast/a16z-frameworks-late-stage-investing/,Found
"a16z Podcast_ Why paid marketing sucks, Network effects, Viral Growth, and more at andrewchen.txt",https://andrewchen.com/a16z-podcast/,Found
cepInput_SMEs_Worldwide_Must_Prepare_Now_for_Europe_s_New_Ambitious_AI_Regulation.pdf,https://www.cep.eu/eu-topics/details/smes-worldwide-must-prepare-now-for-europes-new-ambitious-ai-regulation.html,Found
executive-perspectives-ai-first-companies-win-the-future-10june.pdf,https://www.scribd.com/document/980387568/BCG-Executive-Perspectives-AI-First-Companies-Win,Found
sme-digital-adoption-taskforce-final-report.pdf,https://www.gov.uk/government/publications/sme-digital-adoption-taskforce-final-report/sme-digital-adoption-taskforce-final-report,Found
the-state-of-ai-in-2025.pdf,https://en.wikipedia.org/wiki/AI_bubble,Found
time-to-place-our-bets-europes-ai-opportunity-v2.pdf,https://www.cryptocurrencywire.com/five-blockchain-companies-watch-2018/,Found
wpiea2025067-print-pdf.pdf,https://www.scribd.com/document/988148566/Wpiea2025067-Print-PDF,Found
üéôÔ∏è How Nir Eyal Improves Product Engagement With the Hook Model.txt,https://www.bing.com/aclick?ld=e8eyCfSE2YBxkkPf5FM9ZI9zVUCUweZBj-3RMHGUyyYN-KCFyEFptw6BehcL68h1KHnf3yl7G4ssETV62jSnBBoEUB6SWb4IFzscl8qN7g_h-y27mnbU9TLUiUg8tnZFzm4oEhheaahKHz9frdwBq8l-RYMY57HHuHLaHbtbmsoAJ7DcJ2iTg2SJbxHHAe_Fc3oK7zIg&u=aHR0cHMlM2ElMmYlMmZ3d3cubmlybGFiLmNvbSUyZnBlcmZvcm1hbmNlJTJmJTNmbXNjbGtpZCUzZDllZDYyY2M3NmE3YzFiY2QwNDhhNDU0ZWI1ZTM5ZmQy&rlid=9ed62cc76a7c1bcd048a454eb5e39fd2,Found
